id,first_name,last_name,email,gender,ip_address
1,Celie1,Fumagalli,cfumagalli0@wix.com,Male,116.143.203.178
2,Guthrie,Dandie,gdandie1@deviantart.com,Female,234.51.229.183
3,Reynold,Tolotti,rtolotti2@blog.com,Male,189.175.202.134
4,Delmer,Petrishchev,dpetrishchev3@ebay.co.uk,Male,14.27.180.82
5,Jaine,Semrad,jsemrad4@intel.com,Male,25.181.231.42
6,Emylee,Laurand,elaurand5@mtv.com,Female,81.16.255.242
7,Cindee,Slayford,cslayford6@rakuten.co.jp,Female,79.199.43.71
8,Yalonda,Joskowitz,yjoskowitz7@csmonitor.com,Male,131.72.38.158
9,Dahlia,Corradengo,dcorradengo8@ocn.ne.jp,Male,90.190.108.29
10,Linnea,Yate,lyate9@wp.com,Male,169.245.18.191
11,Alex,Lapham,alaphama@wired.com,Male,6.104.50.1
12,Sheila,Getch,sgetchb@bloglovin.com,Male,0.165.15.200
13,Kelly,Yearby,kyearbyc@bbc.co.uk,Female,24.0.22.13
14,Katherine,Ramme,krammed@nyu.edu,Male,217.89.42.158
15,Christie,Custance,ccustancee@ucla.edu,Female,25.152.100.52
16,Douglas,McIlvaney,dmcilvaneyf@drupal.org,Non-binary,175.130.9.148
17,Tabby,Macken,tmackeng@live.com,Male,21.201.108.248
18,Fancie,Hargey,fhargeyh@google.com,Female,56.54.199.48
19,Holly,Bortolozzi,hbortolozzii@springer.com,Female,145.68.125.55
20,Dallis,Osgardby,dosgardbyj@walmart.com,Female,26.223.216.8
21,Ad,Freeth,afreethk@oakley.com,Female,29.26.186.121
22,Zorana,Kilminster,zkilminsterl@pagesperso-orange.fr,Female,254.38.117.176
23,Arturo,Hosby,ahosbym@dion.ne.jp,Male,35.235.251.252
24,Kristine,Raxworthy,kraxworthyn@engadget.com,Male,21.71.99.41
25,Brnaba,Alejandre,balejandreo@zdnet.com,Female,216.59.247.222
26,Eada,Younghusband,eyounghusbandp@nhs.uk,Female,21.227.209.107
27,Elva,Buckoke,ebuckokeq@wisc.edu,Male,142.159.31.217
28,Meta,Berrecloth,mberreclothr@unblog.fr,Male,97.98.127.75
29,Olenka,Housley,ohousleys@list-manage.com,Male,9.90.247.217
30,Nathanael,Khomin,nkhomint@msn.com,Female,232.136.206.99
31,Sidnee,Easterby,seasterbyu@amazon.de,Female,184.147.149.65
32,Kennett,Tilling,ktillingv@noaa.gov,Agender,45.248.156.62
33,Benyamin,Ogbourne,bogbournew@discovery.com,Female,58.86.49.174
34,Whittaker,Chivers,wchiversx@facebook.com,Female,123.74.31.31
35,Joice,Cackett,jcacketty@redcross.org,Female,140.156.161.174
36,Maddy,Gowman,mgowmanz@yolasite.com,Female,31.127.188.0
37,Rhodia,Triebner,rtriebner10@google.it,Male,172.224.69.236
38,Christalle,Sorby,csorby11@oracle.com,Female,169.12.203.211
39,Keri,Kelf,kkelf12@youtube.com,Polygender,241.3.155.103
40,Austin,Cowlin,acowlin13@amazon.co.jp,Female,193.120.206.87
41,Pascale,Rabier,prabier14@4shared.com,Male,225.196.48.70
42,Babs,Doale,bdoale15@ebay.co.uk,Male,226.151.59.170
43,Jill,Dionisetti,jdionisetti16@europa.eu,Female,185.210.86.229
44,Kendra,Wakeley,kwakeley17@skyrock.com,Female,179.189.34.161
45,Ag,Lode,alode18@jugem.jp,Male,118.253.74.141
46,Langsdon,Quincey,lquincey19@livejournal.com,Male,43.94.82.100
47,Tamara,Shuttlewood,tshuttlewood1a@godaddy.com,Female,27.136.184.76
48,Annabal,Voaden,avoaden1b@economist.com,Male,239.162.145.82
49,Oralie,Pemberton,opemberton1c@xinhuanet.com,Male,32.102.157.45
50,Finlay,Powrie,fpowrie1d@deliciousdays.com,Male,163.176.1.153
51,Kristos,Garrity,kgarrity1e@jigsy.com,Female,13.201.172.133
52,Jasmina,Henricsson,jhenricsson1f@imdb.com,Female,88.176.35.23
53,Cher,Monelli,cmonelli1g@dell.com,Male,199.185.140.205
54,Flory,Sandaver,fsandaver1h@unc.edu,Female,145.148.254.132
55,Romy,McEvon,rmcevon1i@miitbeian.gov.cn,Female,70.79.145.236
56,Corabel,Oliveto,coliveto1j@hud.gov,Male,143.18.154.100
57,Emelita,McMurray,emcmurray1k@uol.com.br,Female,159.110.92.104
58,Berkie,Cantrill,bcantrill1l@irs.gov,Male,141.21.198.128
59,Amitie,Blaise,ablaise1m@tuttocitta.it,Male,124.154.30.152
60,Allianora,Imlach,aimlach1n@prlog.org,Male,24.74.249.139
61,Filmore,Seakes,fseakes1o@sourceforge.net,Female,245.188.139.55
62,Ina,Franzke,ifranzke1p@imgur.com,Female,184.119.93.20
63,Delbert,Timson,dtimson1q@alexa.com,Male,7.126.129.80
64,Harris,Iacovucci,hiacovucci1r@seattletimes.com,Female,85.217.113.216
65,Audi,Moffatt,amoffatt1s@cloudflare.com,Male,17.57.157.238
66,Meade,Foan,mfoan1t@cyberchimps.com,Female,78.236.201.65
67,Ilse,McNally,imcnally1u@twitpic.com,Female,155.149.60.80
68,Jed,Parkeson,jparkeson1v@mac.com,Male,176.202.193.240
69,Georgia,Uzelli,guzelli1w@umn.edu,Female,15.71.40.124
70,Stafford,Hariot,shariot1x@jiathis.com,Male,20.54.132.253
71,Bruce,Peer,bpeer1y@barnesandnoble.com,Female,38.254.148.165
72,Calida,Spittles,cspittles1z@plala.or.jp,Male,211.185.180.62
73,Babbie,Gribbell,bgribbell20@acquirethisname.com,Male,136.185.33.214
74,Che,Frane,cfrane21@latimes.com,Polygender,62.203.255.4
75,Gianni,Town,gtown22@stumbleupon.com,Female,71.228.108.83
76,Jacinda,McCaskill,jmccaskill23@prnewswire.com,Female,34.176.145.195
77,Derick,Dreye,ddreye24@wikimedia.org,Male,179.233.238.53
78,Eldin,Timmens,etimmens25@state.tx.us,Male,38.82.137.240
79,Oswell,Kupisz,okupisz26@creativecommons.org,Female,152.248.34.246
80,Rudy,Rattenberie,rrattenberie27@4shared.com,Male,12.66.226.70
81,Thornton,Gaitskill,tgaitskill28@ucla.edu,Female,205.220.10.83
82,Bear,Rishworth,brishworth29@mozilla.com,Female,140.60.25.90
83,Bone,Dennison,bdennison2a@is.gd,Agender,154.38.233.42
84,Bidget,Winckworth,bwinckworth2b@nba.com,Male,85.226.56.223
85,Charley,Balnaves,cbalnaves2c@t.co,Female,198.101.226.153
86,Dov,Tartt,dtartt2d@bloglovin.com,Agender,6.13.138.231
87,Remington,Penkethman,rpenkethman2e@pagesperso-orange.fr,Genderqueer,59.189.145.50
88,Yorgos,Bartels-Ellis,ybartelsellis2f@google.ca,Female,128.94.91.42
89,Janel,Pawellek,jpawellek2g@ftc.gov,Female,111.221.47.86
90,Matilde,Prichet,mprichet2h@last.fm,Female,43.234.146.64
91,Devina,Trowler,dtrowler2i@va.gov,Female,160.232.167.44
92,Claudia,Dallimare,cdallimare2j@blinklist.com,Female,68.74.97.128
93,Allegra,Pickhaver,apickhaver2k@51.la,Female,243.60.170.2
94,Elysee,Grimwad,egrimwad2l@free.fr,Female,134.171.172.57
95,Mathian,Trenam,mtrenam2m@barnesandnoble.com,Male,102.232.225.189
96,Olva,Mawhinney,omawhinney2n@toplist.cz,Male,22.77.111.3
97,Veradis,Kirtley,vkirtley2o@4shared.com,Male,4.189.186.59
98,Jakie,Jose,jjose2p@toplist.cz,Female,59.173.201.7
99,Krishna,Vondrasek,kvondrasek2q@reddit.com,Female,235.175.20.16
100,Ashlin,Mays,amays2r@sfgate.com,Female,175.60.196.40
101,Leonard,Vere,lvere2s@hubpages.com,Male,23.194.238.108
102,Had,Phillins,hphillins2t@mozilla.org,Male,60.190.187.18
103,Stephan,Gowry,sgowry2u@tuttocitta.it,Non-binary,228.35.65.183
104,Charita,Wiley,cwiley2v@un.org,Male,27.103.36.102
105,Amy,Mongin,amongin2w@lulu.com,Female,210.20.27.199
106,Raphael,Mechi,rmechi2x@tamu.edu,Male,164.187.131.21
107,Robena,Dron,rdron2y@miitbeian.gov.cn,Male,180.13.159.54
108,Tamarah,Josowitz,tjosowitz2z@smugmug.com,Female,27.120.98.80
109,Garald,Tippin,gtippin30@hexun.com,Female,168.185.240.158
110,Dexter,Goslin,dgoslin31@vinaora.com,Female,73.114.212.27
111,Rogers,Kalinovich,rkalinovich32@aol.com,Male,60.247.41.227
112,Quentin,Kullmann,qkullmann33@unesco.org,Female,42.162.145.235
113,Milty,Folk,mfolk34@mozilla.com,Male,210.138.161.162
114,Mannie,Tousey,mtousey35@omniture.com,Female,6.50.29.9
115,Field,Joselin,fjoselin36@mashable.com,Male,45.110.129.103
116,Hester,Sevin,hsevin37@patch.com,Female,69.26.167.199
117,Shane,Oris,soris38@cbslocal.com,Male,0.79.154.203
118,Emmet,Bailie,ebailie39@jalbum.net,Male,32.116.124.101
119,Susanna,Lushey,slushey3a@opensource.org,Female,39.214.63.81
120,Kally,Lindro,klindro3b@si.edu,Agender,57.73.209.45
121,Merrel,Woolnough,mwoolnough3c@state.tx.us,Male,109.43.84.223
122,Susy,Olorenshaw,solorenshaw3d@noaa.gov,Male,42.175.88.185
123,Harald,Fellgett,hfellgett3e@bandcamp.com,Female,153.120.38.7
124,Biddie,Tinker,btinker3f@devhub.com,Male,162.189.79.170
125,Wesley,Reame,wreame3g@twitpic.com,Male,187.167.132.102
126,Carmine,Labell,clabell3h@freewebs.com,Male,194.192.21.47
127,Stephannie,Bottoms,sbottoms3i@cam.ac.uk,Female,37.85.76.148
128,Bunni,Klaesson,bklaesson3j@spotify.com,Female,181.77.40.7
129,Darsey,Prys,dprys3k@slate.com,Female,248.123.108.179
130,Nana,Floris,nfloris3l@pcworld.com,Male,135.118.104.50
131,Tremain,Whetton,twhetton3m@lulu.com,Agender,98.178.188.102
132,Moore,Ellsworthe,mellsworthe3n@utexas.edu,Male,157.245.62.215
133,Carlotta,Evenden,cevenden3o@mozilla.com,Male,114.190.184.144
134,Asa,Shelly,ashelly3p@networkadvertising.org,Female,148.156.115.96
135,Tessie,Roizn,troizn3q@msu.edu,Female,224.86.218.87
136,Baron,Meriet,bmeriet3r@cnet.com,Female,182.63.28.137
137,Hanna,Colston,hcolston3s@squarespace.com,Female,165.3.221.231
138,Tomi,Grent,tgrent3t@joomla.org,Genderfluid,112.87.104.82
139,Abdel,Dand,adand3u@washingtonpost.com,Female,152.195.169.138
140,Alexandra,Scarsbrick,ascarsbrick3v@buzzfeed.com,Male,41.1.189.76
141,Federico,Cassidy,fcassidy3w@whitehouse.gov,Female,182.249.53.209
142,Mycah,Poncet,mponcet3x@jiathis.com,Female,2.139.186.50
143,Damiano,Bloomer,dbloomer3y@mayoclinic.com,Male,126.76.98.236
144,Chere,Chatfield,cchatfield3z@nationalgeographic.com,Genderfluid,73.201.221.143
145,Clemmie,Agott,cagott40@soundcloud.com,Male,106.144.100.11
146,Yalonda,Obern,yobern41@baidu.com,Female,247.66.231.174
147,Leif,Gergler,lgergler42@yale.edu,Male,27.168.0.105
148,Janos,Merrigans,jmerrigans43@example.com,Male,131.20.133.234
149,Henriette,Cleall,hcleall44@wikia.com,Female,143.222.201.197
150,Gene,Covey,gcovey45@fda.gov,Female,89.89.77.227
151,Danica,Whybray,dwhybray46@columbia.edu,Female,102.179.135.160
152,Mitzi,Kobpal,mkobpal47@list-manage.com,Male,4.147.1.13
153,Andris,Libbey,alibbey48@nytimes.com,Male,238.69.13.177
154,Junina,Edworthy,jedworthy49@sun.com,Male,50.240.83.92
155,Carol,Leve,cleve4a@dyndns.org,Agender,21.197.5.64
156,Mabelle,Boggish,mboggish4b@kickstarter.com,Male,228.115.102.212
157,Orlan,Polson,opolson4c@telegraph.co.uk,Male,12.6.37.12
158,Jake,Lenard,jlenard4d@e-recht24.de,Female,93.64.66.182
159,Ciel,Wardale,cwardale4e@army.mil,Male,192.76.28.41
160,Ryon,Longshaw,rlongshaw4f@bbb.org,Agender,25.148.112.227
161,Vally,Farrin,vfarrin4g@pen.io,Female,231.78.162.82
162,Delilah,Beedom,dbeedom4h@w3.org,Male,115.239.88.159
163,Chantal,Beane,cbeane4i@blogtalkradio.com,Male,204.171.208.216
164,Eldridge,Duplock,eduplock4j@unesco.org,Female,46.191.45.17
165,Sammy,Zylberdik,szylberdik4k@hc360.com,Male,197.185.39.186
166,Claudetta,Chadwell,cchadwell4l@earthlink.net,Male,251.161.204.194
167,Olympia,Serginson,oserginson4m@usatoday.com,Male,106.53.108.70
168,Orelia,Cockton,ocockton4n@naver.com,Female,10.154.60.69
169,Johnna,Willmott,jwillmott4o@earthlink.net,Male,15.8.150.54
170,Gratia,Ordidge,gordidge4p@wp.com,Female,105.11.132.244
171,Vonni,Guslon,vguslon4q@icio.us,Female,23.251.29.103
172,Hillary,Breheny,hbreheny4r@usatoday.com,Male,201.91.228.67
173,Kory,MacIlory,kmacilory4s@studiopress.com,Female,68.199.146.93
174,Hercules,Murrigans,hmurrigans4t@europa.eu,Female,254.153.167.254
175,Beatrix,Gyford,bgyford4u@miitbeian.gov.cn,Female,76.80.174.168
176,Noak,De Filippi,ndefilippi4v@bigcartel.com,Male,115.208.150.240
177,Alfonso,Philipard,aphilipard4w@moonfruit.com,Male,231.207.229.159
178,Arvin,Faye,afaye4x@dailymotion.com,Polygender,191.42.174.119
179,Turner,Simoncello,tsimoncello4y@mapy.cz,Female,122.180.232.211
180,Steffi,Pestridge,spestridge4z@smh.com.au,Female,135.232.20.100
181,Hillyer,Philp,hphilp50@furl.net,Genderqueer,187.63.71.255
182,Bron,Timmons,btimmons51@sbwire.com,Male,233.165.116.195
183,Debora,Low,dlow52@imageshack.us,Male,225.183.159.148
184,Almira,Cowell,acowell53@newyorker.com,Female,43.92.187.121
185,Saba,Cormack,scormack54@wired.com,Male,187.82.164.60
186,Winny,Setchell,wsetchell55@nsw.gov.au,Female,6.176.120.174
187,Madelin,Regi,mregi56@infoseek.co.jp,Male,249.182.72.237
188,Leif,Maren,lmaren57@nih.gov,Genderqueer,12.46.46.127
189,Chelsie,Peter,cpeter58@foxnews.com,Male,255.30.103.152
190,Saundra,Angelini,sangelini59@123-reg.co.uk,Female,45.215.210.9
191,Ann-marie,Kilfether,akilfether5a@freewebs.com,Male,158.58.69.52
192,Dede,Penberthy,dpenberthy5b@google.it,Genderqueer,164.206.149.62
193,Jenny,Cobello,jcobello5c@chicagotribune.com,Female,117.129.74.213
194,Natale,Cuckoo,ncuckoo5d@un.org,Female,98.233.251.12
195,Shoshana,Sommerled,ssommerled5e@xing.com,Agender,175.23.121.128
196,Janice,Pagon,jpagon5f@cbslocal.com,Male,98.112.124.252
197,Maximilianus,Olyunin,molyunin5g@shop-pro.jp,Female,97.78.16.210
198,Birgit,Velez,bvelez5h@behance.net,Female,45.161.19.254
199,Wilone,Izkovicz,wizkovicz5i@utexas.edu,Male,21.77.201.181
200,Darleen,Chisnell,dchisnell5j@alibaba.com,Non-binary,173.228.54.55
201,Stanislaus,Cooksley,scooksley5k@buzzfeed.com,Male,23.192.239.52
202,Myrtice,Baribal,mbaribal5l@hao123.com,Male,94.123.185.84
203,Lynnett,Giannazzi,lgiannazzi5m@cafepress.com,Non-binary,47.55.138.185
204,Pryce,Treleven,ptreleven5n@bigcartel.com,Female,38.169.179.214
205,Faye,Tooke,ftooke5o@example.com,Female,241.200.171.138
206,Zandra,Pidgeley,zpidgeley5p@gravatar.com,Female,32.88.36.93
207,Deane,Beartup,dbeartup5q@google.com.hk,Female,132.185.219.159
208,Yolande,Shorto,yshorto5r@booking.com,Female,144.168.28.69
209,Godiva,Meekings,gmeekings5s@chronoengine.com,Female,46.173.243.204
210,Ashia,Cunney,acunney5t@ning.com,Male,121.62.249.194
211,Shaylynn,Mates,smates5u@marketwatch.com,Female,171.122.103.64
212,Grazia,Cloney,gcloney5v@51.la,Female,130.12.198.246
213,Kerr,Kenzie,kkenzie5w@paginegialle.it,Male,42.239.133.73
214,Clint,Burr,cburr5x@netscape.com,Male,69.219.18.243
215,Mehetabel,Dicke,mdicke5y@networkadvertising.org,Female,42.110.36.92
216,Catie,Dunbleton,cdunbleton5z@amazon.co.uk,Male,243.192.213.195
217,Drona,Smaile,dsmaile60@utexas.edu,Female,82.22.96.233
218,Tarah,Dobson,tdobson61@vk.com,Female,159.229.220.53
219,Berrie,McWhorter,bmcwhorter62@addtoany.com,Female,187.164.190.197
220,Leonelle,Petrushanko,lpetrushanko63@salon.com,Female,209.7.229.184
221,Jenilee,Bradnam,jbradnam64@reddit.com,Female,125.22.6.161
222,Joseph,McKeggie,jmckeggie65@cam.ac.uk,Male,9.8.11.143
223,Alvinia,Sholl,asholl66@vimeo.com,Male,45.34.42.223
224,Everard,Bernon,ebernon67@usgs.gov,Non-binary,133.159.191.16
225,Jobie,Sijmons,jsijmons68@europa.eu,Female,148.24.93.56
226,Ebba,Tyght,etyght69@macromedia.com,Female,75.15.217.99
227,Kristyn,Beastall,kbeastall6a@vistaprint.com,Female,45.150.204.143
228,Archer,Le Brom,alebrom6b@harvard.edu,Male,198.110.41.156
229,Cloris,Plain,cplain6c@whitehouse.gov,Polygender,170.113.147.128
230,Anett,Bertie,abertie6d@gravatar.com,Female,48.33.45.158
231,Loren,Guly,lguly6e@hostgator.com,Male,254.79.0.150
232,Luciano,Rake,lrake6f@answers.com,Female,4.1.151.111
233,Kathye,Riccard,kriccard6g@squarespace.com,Female,188.161.236.41
234,Dion,Langhor,dlanghor6h@i2i.jp,Male,84.247.25.134
235,Silvain,Casbourne,scasbourne6i@gov.uk,Male,141.241.241.142
236,Pascale,Tedridge,ptedridge6j@blogspot.com,Female,71.56.81.174
237,Ruperto,MacGown,rmacgown6k@mediafire.com,Male,74.23.210.245
238,Andree,Simkovitz,asimkovitz6l@dropbox.com,Male,92.157.89.156
239,Steffen,Sich,ssich6m@unc.edu,Male,18.0.135.28
240,Eldin,Darcy,edarcy6n@mapy.cz,Male,188.175.20.23
241,Alberto,Nerheny,anerheny6o@globo.com,Female,4.45.38.26
242,Eb,Yosifov,eyosifov6p@hugedomains.com,Female,74.224.243.252
243,Leora,Baudoux,lbaudoux6q@shareasale.com,Genderqueer,193.94.184.32
244,Fidelia,Node,fnode6r@wikipedia.org,Female,85.210.189.169
245,Elberta,Vida,evida6s@comsenz.com,Female,82.120.190.225
246,Barbe,Domney,bdomney6t@discovery.com,Female,194.155.233.65
247,Fara,Doggrell,fdoggrell6u@abc.net.au,Male,80.209.167.121
248,Rossy,Futter,rfutter6v@cbc.ca,Male,194.48.178.204
249,Vincent,Stubbins,vstubbins6w@moonfruit.com,Male,175.16.132.166
250,Peterus,Daily,pdaily6x@blogspot.com,Female,37.72.147.252
251,Auberon,Trenouth,atrenouth6y@bbb.org,Female,149.251.98.113
252,Bryce,Elven,belven6z@jimdo.com,Female,62.223.110.216
253,Rafa,Longland,rlongland70@mit.edu,Male,38.225.231.162
254,Felita,Sunnex,fsunnex71@reference.com,Male,139.231.106.205
255,Thomasina,Pocock,tpocock72@shop-pro.jp,Female,126.49.74.192
256,Nadine,Asling,nasling73@fotki.com,Male,165.199.107.113
257,Dukey,Mariyushkin,dmariyushkin74@drupal.org,Male,242.162.10.223
258,Suzanne,Claiton,sclaiton75@nhs.uk,Female,194.193.216.114
259,Tani,Arlott,tarlott76@nhs.uk,Female,45.243.92.180
260,Fee,Dorkens,fdorkens77@boston.com,Male,98.20.59.209
261,Arnaldo,Cattermole,acattermole78@alibaba.com,Female,253.127.242.227
262,Decca,Crispin,dcrispin79@4shared.com,Male,55.82.41.143
263,Erminia,Witcomb,ewitcomb7a@ibm.com,Male,22.188.139.175
264,Goddart,Dornan,gdornan7b@seesaa.net,Male,33.122.120.59
265,Mike,Duberry,mduberry7c@gravatar.com,Female,189.250.197.209
266,Melany,Verrell,mverrell7d@comsenz.com,Male,10.44.52.66
267,Rozalie,Sivess,rsivess7e@pen.io,Female,8.11.22.97
268,Corrinne,Eccles,ceccles7f@indiegogo.com,Female,200.236.95.56
269,Jephthah,Maddocks,jmaddocks7g@nasa.gov,Male,232.241.55.195
270,Allard,Hymor,ahymor7h@pen.io,Female,27.148.68.130
271,Harrie,Supple,hsupple7i@independent.co.uk,Male,252.229.224.187
272,Briggs,Drei,bdrei7j@squarespace.com,Female,85.231.233.67
273,Glyn,Thaim,gthaim7k@chicagotribune.com,Male,85.25.162.203
274,Alain,Adaway,aadaway7l@miibeian.gov.cn,Female,33.155.240.14
275,Appolonia,Stooders,astooders7m@delicious.com,Genderfluid,127.113.245.116
276,Joella,Dreinan,jdreinan7n@symantec.com,Male,255.45.238.122
277,Bambie,Childes,bchildes7o@goo.gl,Female,80.172.58.181
278,Juliana,Henri,jhenri7p@dropbox.com,Male,70.9.186.121
279,Barbabas,Maypother,bmaypother7q@ask.com,Female,207.69.208.150
280,Justina,Greste,jgreste7r@wunderground.com,Non-binary,250.12.58.208
281,Rooney,Boylan,rboylan7s@engadget.com,Male,110.20.140.213
282,Lark,Rawle,lrawle7t@a8.net,Male,252.171.124.23
283,Mabel,Dur,mdur7u@pen.io,Female,135.98.252.199
284,Lennard,Bartalucci,lbartalucci7v@harvard.edu,Male,255.80.247.15
285,Torey,Kubczak,tkubczak7w@reference.com,Female,35.14.111.132
286,Glen,Trineman,gtrineman7x@xrea.com,Female,56.40.139.45
287,Taylor,Laffan,tlaffan7y@webmd.com,Genderfluid,105.218.179.152
288,Travers,Cavan,tcavan7z@miitbeian.gov.cn,Male,79.213.222.194
289,Bernadette,Folan,bfolan80@e-recht24.de,Female,39.156.184.194
290,Ravid,Cornilleau,rcornilleau81@redcross.org,Female,23.233.162.2
291,Florance,Moyles,fmoyles82@cnbc.com,Male,81.101.17.177
292,Julita,Stuchbery,jstuchbery83@pagesperso-orange.fr,Male,109.0.86.13
293,Evie,Borchardt,eborchardt84@hugedomains.com,Female,3.231.114.249
294,Nil,Karchowski,nkarchowski85@google.com,Polygender,61.120.150.202
295,Brena,Syvret,bsyvret86@studiopress.com,Agender,148.0.136.43
296,Linnea,Carmichael,lcarmichael87@mozilla.org,Female,220.227.59.187
297,Hamlin,Buckle,hbuckle88@narod.ru,Female,243.45.93.179
298,Candi,Coppledike,ccoppledike89@netscape.com,Male,74.168.50.216
299,Delila,Tie,dtie8a@ning.com,Male,52.58.248.175
300,Angelle,Jekyll,ajekyll8b@aol.com,Female,27.225.195.211
301,Faunie,Tylor,ftylor8c@nymag.com,Male,99.171.184.184
302,Agosto,Findlay,afindlay8d@networkadvertising.org,Male,17.179.29.142
303,Enrico,Rushforth,erushforth8e@patch.com,Female,99.5.75.185
304,Vicki,Liquorish,vliquorish8f@de.vu,Male,152.79.97.168
305,Gan,Buxy,gbuxy8g@amazonaws.com,Male,209.128.1.25
306,Melania,Wilcot,mwilcot8h@engadget.com,Female,23.239.221.66
307,Florette,Harcase,fharcase8i@elegantthemes.com,Female,239.100.103.78
308,Elfie,Weathers,eweathers8j@craigslist.org,Female,221.122.180.197
309,Suzy,Hilary,shilary8k@tmall.com,Female,125.238.230.189
310,Carlen,Vautier,cvautier8l@i2i.jp,Female,15.74.8.107
311,Ruby,Boatswain,rboatswain8m@dion.ne.jp,Female,217.14.176.1
312,Asia,Bowcock,abowcock8n@delicious.com,Male,139.54.252.190
313,Gerard,Capey,gcapey8o@goo.gl,Female,23.86.22.44
314,Callean,Likly,clikly8p@tiny.cc,Female,81.125.89.132
315,Odele,Omrod,oomrod8q@plala.or.jp,Polygender,70.212.101.160
316,Kingsly,Djurevic,kdjurevic8r@mac.com,Female,253.83.42.48
317,Morey,Dods,mdods8s@fda.gov,Male,163.212.239.4
318,Walther,Torrie,wtorrie8t@is.gd,Female,6.126.56.96
319,Zilvia,McCarron,zmccarron8u@berkeley.edu,Female,235.213.126.75
320,Spenser,Jovic,sjovic8v@xinhuanet.com,Male,126.3.92.189
321,Dalston,Bulman,dbulman8w@dailymotion.com,Male,205.205.110.139
322,Elsbeth,Adrienne,eadrienne8x@mac.com,Female,234.223.46.118
323,Marguerite,MacNeill,mmacneill8y@yandex.ru,Male,134.166.76.214
324,Luce,Ruppel,lruppel8z@simplemachines.org,Male,86.223.56.49
325,Burke,Brayley,bbrayley90@cafepress.com,Female,131.99.103.129
326,Misty,Bewly,mbewly91@google.it,Female,45.20.91.46
327,Cris,Thomson,cthomson92@people.com.cn,Male,29.69.70.183
328,Moreen,Hought,mhought93@unesco.org,Female,100.190.17.26
329,Toddy,Such,tsuch94@skype.com,Male,78.88.71.79
330,Odo,Abramowitch,oabramowitch95@linkedin.com,Male,144.111.183.145
331,Laverna,Kos,lkos96@webmd.com,Female,103.208.193.160
332,Carolann,Mallett,cmallett97@yelp.com,Male,131.73.131.230
333,Vilhelmina,Cranny,vcranny98@sciencedaily.com,Female,1.122.213.216
334,Lockwood,Lefort,llefort99@ehow.com,Male,251.200.99.21
335,Faber,Briffett,fbriffett9a@addthis.com,Bigender,190.174.112.159
336,Banky,Fairbairn,bfairbairn9b@1und1.de,Male,24.255.31.196
337,Cherye,Casserly,ccasserly9c@ebay.com,Female,22.108.86.165
338,Marwin,Hodinton,mhodinton9d@artisteer.com,Male,50.126.109.4
339,Erica,Sonley,esonley9e@webs.com,Male,170.166.239.98
340,Darcee,Grichukhin,dgrichukhin9f@pcworld.com,Male,16.24.200.152
341,Vitoria,Pettifor,vpettifor9g@columbia.edu,Agender,16.58.101.70
342,Heath,Dudin,hdudin9h@eventbrite.com,Female,167.124.27.110
343,Jessy,Robardey,jrobardey9i@slate.com,Female,99.223.74.202
344,Twyla,Gilli,tgilli9j@gnu.org,Female,5.167.92.137
345,Nicky,Schukert,nschukert9k@state.gov,Female,51.70.50.8
346,Goldia,Mendoza,gmendoza9l@loc.gov,Male,55.46.216.115
347,Hans,Tarney,htarney9m@dropbox.com,Male,252.193.184.242
348,Jerald,Jochens,jjochens9n@symantec.com,Male,188.111.238.85
349,Marje,Rubinovitch,mrubinovitch9o@google.pl,Male,136.9.234.246
350,Vance,Busson,vbusson9p@wix.com,Female,233.66.65.224
351,Lee,Von Gladbach,lvongladbach9q@drupal.org,Male,118.90.127.83
352,Angy,Cicconetti,acicconetti9r@howstuffworks.com,Female,153.255.215.30
353,Marlo,Maykin,mmaykin9s@angelfire.com,Female,183.116.81.181
354,Muriel,Filmer,mfilmer9t@sfgate.com,Male,47.145.16.88
355,Nicol,Lengthorn,nlengthorn9u@addtoany.com,Male,101.78.220.161
356,Mirilla,Battle,mbattle9v@bbb.org,Female,40.250.222.236
357,Gradeigh,Towell,gtowell9w@discovery.com,Male,107.81.61.54
358,Emlen,Kitteman,ekitteman9x@craigslist.org,Female,185.209.247.63
359,Dasie,Deakes,ddeakes9y@sun.com,Male,20.75.68.145
360,Dotty,Munkley,dmunkley9z@csmonitor.com,Agender,157.129.87.13
361,Analise,Geeritz,ageeritza0@360.cn,Genderqueer,80.65.130.220
362,Hamilton,Elves,helvesa1@tripod.com,Male,86.182.57.193
363,Pieter,Pollock,ppollocka2@theguardian.com,Female,75.67.59.113
364,Dominique,Oldershaw,doldershawa3@bing.com,Female,253.133.197.135
365,Joel,Godly,jgodlya4@canalblog.com,Female,191.169.227.130
366,Malena,Olensby,molensbya5@chronoengine.com,Female,97.42.157.23
367,Smith,Minchella,sminchellaa6@apache.org,Female,199.12.236.16
368,Cynthy,Weatherill,cweatherilla7@statcounter.com,Female,227.140.5.174
369,Norry,Canas,ncanasa8@flickr.com,Female,179.41.181.103
370,Gwenneth,MacAirt,gmacairta9@edublogs.org,Male,205.220.199.81
371,Sharl,Fibbings,sfibbingsaa@ucla.edu,Female,163.12.113.147
372,Flossie,Malia,fmaliaab@nsw.gov.au,Male,143.90.174.25
373,Ezequiel,Guillet,eguilletac@posterous.com,Male,186.109.1.113
374,Jacquelyn,Gussin,jgussinad@techcrunch.com,Female,63.140.193.73
375,Meaghan,Denley,mdenleyae@walmart.com,Male,25.233.36.130
376,Gunilla,Wilcot,gwilcotaf@geocities.com,Female,216.35.186.5
377,Donny,MacCorkell,dmaccorkellag@howstuffworks.com,Female,145.20.89.91
378,Berti,Morriss,bmorrissah@redcross.org,Female,227.173.156.96
379,Millie,Polet,mpoletai@vkontakte.ru,Male,34.158.210.4
380,Cassandre,Ewens,cewensaj@cmu.edu,Male,98.151.36.104
381,Clareta,Stroud,cstroudak@businessweek.com,Male,175.72.38.171
382,Claresta,Wolledge,cwolledgeal@rediff.com,Female,226.84.182.35
383,Warner,Banaszczyk,wbanaszczykam@netlog.com,Female,114.231.168.92
384,Beaufort,Veal,bvealan@example.com,Female,189.196.22.241
385,Rheba,Pleasaunce,rpleasaunceao@ucoz.com,Female,173.42.148.252
386,Erroll,Peacher,epeacherap@acquirethisname.com,Male,255.81.211.167
387,Laurence,Hurry,lhurryaq@illinois.edu,Female,181.163.80.105
388,Hayes,Veazey,hveazeyar@va.gov,Male,105.10.10.0
389,Gayel,Fricker,gfrickeras@xing.com,Male,154.176.21.105
390,Catlee,Swateridge,cswateridgeat@blogs.com,Female,81.41.15.146
391,Camila,Sally,csallyau@facebook.com,Female,242.116.206.242
392,Ruthie,Farquarson,rfarquarsonav@facebook.com,Female,8.236.242.65
393,Trude,Purser,tpurseraw@mayoclinic.com,Female,79.238.91.14
394,Dianemarie,Lindman,dlindmanax@bravesites.com,Male,143.117.154.236
395,Michaeline,Byllam,mbyllamay@gmpg.org,Female,15.23.236.205
396,Candida,Asch,caschaz@huffingtonpost.com,Female,76.192.55.29
397,Rudyard,Bransom,rbransomb0@geocities.jp,Male,237.37.171.247
398,Kylila,Balfour,kbalfourb1@epa.gov,Male,188.136.58.75
399,Lamar,Gremane,lgremaneb2@godaddy.com,Female,47.55.212.31
400,Dulcine,Slaight,dslaightb3@networksolutions.com,Female,229.11.125.41
401,Kathryn,Mulderrig,kmulderrigb4@indiatimes.com,Bigender,227.130.155.69
402,Humphrey,Tweedie,htweedieb5@google.com,Male,157.40.42.124
403,Bonnee,Rowland,browlandb6@whitehouse.gov,Female,73.235.52.151
404,Manolo,Havvock,mhavvockb7@biglobe.ne.jp,Male,24.152.43.16
405,Der,Posselow,dposselowb8@xing.com,Genderfluid,83.8.140.235
406,Corene,Dooman,cdoomanb9@goo.ne.jp,Male,62.222.19.254
407,Leroy,Dyke,ldykeba@t.co,Female,185.6.111.225
408,Brigham,Daton,bdatonbb@adobe.com,Male,149.114.170.46
409,Ladonna,Geroldini,lgeroldinibc@cnbc.com,Female,177.160.170.129
410,Mariel,Kuban,mkubanbd@google.es,Female,29.6.160.81
411,Rodrigo,Glasheen,rglasheenbe@epa.gov,Bigender,77.98.173.69
412,Alessandra,Cotterel,acotterelbf@amazon.co.jp,Female,211.160.139.40
413,Ettore,Oloshkin,eoloshkinbg@cyberchimps.com,Female,97.49.163.10
414,Alasdair,Maud,amaudbh@ucoz.com,Female,6.110.158.196
415,Tanney,Ovesen,tovesenbi@geocities.jp,Genderqueer,138.57.222.224
416,Blanca,Henfre,bhenfrebj@cnet.com,Female,36.252.195.237
417,Myrle,Hlavecek,mhlavecekbk@bizjournals.com,Male,9.72.249.231
418,Dilan,Taplow,dtaplowbl@xing.com,Female,131.53.243.109
419,Farrel,MacIlory,fmacilorybm@parallels.com,Male,52.158.162.240
420,Ulberto,Belcham,ubelchambn@tmall.com,Female,94.234.77.112
421,Rene,Fawckner,rfawcknerbo@angelfire.com,Female,238.79.115.165
422,Cammy,Senett,csenettbp@loc.gov,Male,184.22.122.64
423,Willy,Ellissen,wellissenbq@taobao.com,Female,130.246.90.92
424,Tanya,Clewett,tclewettbr@bizjournals.com,Female,29.54.197.153
425,Barbara-anne,Kellegher,bkellegherbs@google.co.uk,Male,135.230.37.244
426,West,Kalinovich,wkalinovichbt@economist.com,Female,176.102.217.242
427,Tobit,Aloshechkin,taloshechkinbu@tinyurl.com,Female,188.236.152.96
428,Licha,Fairburn,lfairburnbv@ezinearticles.com,Male,74.112.240.243
429,Ema,Mablestone,emablestonebw@drupal.org,Male,37.132.152.214
430,Amalie,Blachford,ablachfordbx@wired.com,Agender,42.47.25.187
431,Ira,Stanlack,istanlackby@cdc.gov,Male,99.161.38.9
432,Trudie,Dehmel,tdehmelbz@answers.com,Female,148.28.246.165
433,Cesya,Muro,cmuroc0@ezinearticles.com,Agender,29.77.19.41
434,Jeanne,Blaes,jblaesc1@etsy.com,Female,249.98.138.109
435,Ailbert,Simonyi,asimonyic2@usda.gov,Male,5.77.168.231
436,Horatio,Exon,hexonc3@marketwatch.com,Bigender,226.255.115.74
437,Gaye,Douthwaite,gdouthwaitec4@bloglines.com,Female,13.158.220.124
438,Jarib,Cottam,jcottamc5@bing.com,Male,124.230.236.72
439,Javier,Hendrickx,jhendrickxc6@ebay.com,Male,127.128.104.182
440,Electra,Tilley,etilleyc7@google.com.br,Genderqueer,189.228.103.74
441,Lark,Hollingshead,lhollingsheadc8@boston.com,Male,240.95.255.180
442,Merola,Feasby,mfeasbyc9@tinypic.com,Female,218.216.135.19
443,Cherise,Adao,cadaoca@craigslist.org,Female,84.27.64.233
444,Hyatt,Loram,hloramcb@samsung.com,Male,69.239.63.108
445,Angil,Halms,ahalmscc@mashable.com,Male,131.104.168.51
446,Michaelina,Paintain,mpaintaincd@unblog.fr,Male,10.251.201.166
447,Ettore,Shreeves,eshreevesce@marketwatch.com,Female,73.202.198.0
448,Dallas,Sysland,dsyslandcf@si.edu,Female,93.184.201.21
449,Ambrose,Deport,adeportcg@apple.com,Female,178.94.193.226
450,Marinna,Shanks,mshanksch@bizjournals.com,Non-binary,121.91.52.189
451,Mattie,Kerswell,mkerswellci@telegraph.co.uk,Male,206.163.160.167
452,Dasie,Peirpoint,dpeirpointcj@slideshare.net,Non-binary,251.249.209.235
453,Ronnie,Kettridge,rkettridgeck@so-net.ne.jp,Male,100.147.9.187
454,Aubry,Dreigher,adreighercl@dedecms.com,Female,213.78.13.57
455,Geneva,Neilly,gneillycm@comcast.net,Female,96.56.71.212
456,Sandor,Signe,ssignecn@opera.com,Male,229.0.49.180
457,Trever,Dozdill,tdozdillco@topsy.com,Non-binary,164.172.135.136
458,Christy,Mossop,cmossopcp@globo.com,Female,102.193.171.202
459,Shelton,Hendrik,shendrikcq@sourceforge.net,Bigender,247.35.10.76
460,Worthington,Fosse,wfossecr@princeton.edu,Non-binary,240.141.17.213
461,Hartwell,Campes,hcampescs@dailymotion.com,Female,157.15.200.6
462,Margeaux,MacAlister,mmacalisterct@theglobeandmail.com,Male,135.59.254.218
463,Dorry,Quarton,dquartoncu@stumbleupon.com,Male,94.202.4.60
464,Cristian,Hewertson,chewertsoncv@dot.gov,Male,70.193.194.153
465,Bibbye,Stalf,bstalfcw@cafepress.com,Male,169.23.138.185
466,Maribel,Hexum,mhexumcx@163.com,Female,78.114.201.97
467,Rubetta,Trenholm,rtrenholmcy@amazon.co.uk,Male,76.231.36.236
468,Brian,Leadbeater,bleadbeatercz@wufoo.com,Male,164.83.29.26
469,Haven,Cordelette,hcordeletted0@facebook.com,Female,126.178.45.199
470,Herminia,Shermar,hshermard1@github.com,Male,226.10.203.114
471,Leroy,Caunter,lcaunterd2@privacy.gov.au,Male,111.114.27.69
472,Mac,Hanvey,mhanveyd3@seattletimes.com,Male,209.170.255.34
473,Abbi,End,aendd4@google.com.au,Male,88.193.192.140
474,Thorvald,Thurby,tthurbyd5@webmd.com,Female,108.20.202.175
475,Fran,Wayt,fwaytd6@freewebs.com,Female,231.205.204.179
476,Cyrus,Sachno,csachnod7@cocolog-nifty.com,Male,100.117.135.255
477,Sampson,Padell,spadelld8@tinypic.com,Male,17.92.72.143
478,Eolande,Capeling,ecapelingd9@hugedomains.com,Male,6.10.179.13
479,Lars,Sebring,lsebringda@ca.gov,Female,109.106.233.255
480,Fabio,Hurdis,fhurdisdb@oakley.com,Male,67.7.107.128
481,Letti,Castiglioni,lcastiglionidc@mail.ru,Female,211.53.46.118
482,Jamey,Troup,jtroupdd@msn.com,Genderqueer,141.37.225.142
483,Crystie,Mercy,cmercyde@sphinn.com,Female,28.108.2.249
484,Ellyn,Skey,eskeydf@bbc.co.uk,Female,187.44.9.77
485,Ferdinand,Dollin,fdollindg@lycos.com,Genderqueer,203.53.18.109
486,Jackelyn,Speenden,jspeendendh@sakura.ne.jp,Female,228.205.118.143
487,Toiboid,Bugby,tbugbydi@cocolog-nifty.com,Female,55.189.207.131
488,Monti,Scrogges,mscroggesdj@samsung.com,Polygender,77.122.202.135
489,Erma,Croley,ecroleydk@fastcompany.com,Female,57.164.93.215
490,Sauveur,Sieur,ssieurdl@hhs.gov,Female,105.149.62.116
491,Esta,Hoult,ehoultdm@wufoo.com,Female,201.239.201.60
492,Kenyon,Lowey,kloweydn@mozilla.org,Male,229.240.147.233
493,Meredith,Blackett,mblackettdo@bloglines.com,Male,91.62.46.64
494,Ashlen,Guisler,aguislerdp@eepurl.com,Male,28.15.165.6
495,Corena,Deerness,cdeernessdq@about.com,Male,213.198.97.114
496,Allissa,Tavinor,atavinordr@addthis.com,Female,163.227.163.134
497,Ilene,Staddart,istaddartds@dot.gov,Male,88.67.168.119
498,Gilemette,Alldridge,galldridgedt@ucoz.com,Male,122.60.210.152
499,Bogey,Shillam,bshillamdu@webnode.com,Female,23.49.127.124
500,Jerrylee,Presswell,jpresswelldv@cargocollective.com,Female,182.165.46.53
501,Tessa,Rowlson,trowlsondw@cbc.ca,Genderqueer,78.245.20.17
502,Abigail,Hradsky,ahradskydx@yahoo.com,Female,201.244.247.6
503,Joanna,Kiss,jkissdy@deliciousdays.com,Non-binary,103.36.210.207
504,Major,Tomlett,mtomlettdz@foxnews.com,Female,124.223.229.44
505,Barnett,Rosenbusch,brosenbusche0@qq.com,Male,58.80.195.57
506,Corney,Pennino,cpenninoe1@dyndns.org,Male,39.53.144.211
507,Ericha,McCreery,emccreerye2@utexas.edu,Male,57.83.33.177
508,Tersina,Dingsdale,tdingsdalee3@ocn.ne.jp,Female,153.80.65.58
509,Skippy,Chamberlen,schamberlene4@loc.gov,Agender,190.75.119.152
510,Reynold,Berick,rbericke5@japanpost.jp,Male,184.252.28.49
511,Chelsie,Bulfoot,cbulfoote6@accuweather.com,Male,31.115.31.205
512,Collette,Hatcliffe,chatcliffee7@jugem.jp,Female,43.174.36.175
513,Fonz,Crichton,fcrichtone8@thetimes.co.uk,Male,198.1.102.27
514,Gabey,Toffanini,gtoffaninie9@si.edu,Male,193.120.103.204
515,Libbey,Durrance,ldurranceea@fastcompany.com,Non-binary,184.0.62.105
516,Julina,Blincow,jblincoweb@list-manage.com,Genderqueer,36.8.50.41
517,Town,Roggieri,troggieriec@discovery.com,Male,98.246.156.252
518,Mikol,McGunley,mmcgunleyed@microsoft.com,Genderfluid,87.91.212.154
519,Drusilla,Gullberg,dgullbergee@google.co.uk,Male,128.243.154.255
520,Rolland,Bende,rbendeef@hhs.gov,Female,124.173.72.141
521,Karina,Oxbrough,koxbrougheg@china.com.cn,Female,128.178.2.88
522,Wheeler,McGucken,wmcguckeneh@huffingtonpost.com,Male,90.78.159.97
523,Iain,Marcam,imarcamei@etsy.com,Male,135.64.35.83
524,Charin,Metherell,cmetherellej@nyu.edu,Male,89.117.198.147
525,Denise,Tarbath,dtarbathek@guardian.co.uk,Male,78.193.203.98
526,Cathyleen,Roubeix,croubeixel@bluehost.com,Agender,67.63.131.208
527,Reinaldo,Ballam,rballamem@scientificamerican.com,Genderfluid,188.104.170.153
528,Putnam,Boosey,pbooseyen@nbcnews.com,Male,131.78.150.255
529,Tamma,Bunhill,tbunhilleo@independent.co.uk,Male,158.197.31.72
530,Felecia,Raoux,fraouxep@cnn.com,Male,192.120.132.75
531,Kirstyn,Brazel,kbrazeleq@ca.gov,Female,254.74.220.175
532,Vanny,Pindell,vpindeller@ted.com,Female,52.252.217.100
533,Myles,Hymans,mhymanses@nature.com,Male,201.35.195.9
534,Genvieve,Ivison,givisonet@dagondesign.com,Genderqueer,37.125.254.123
535,Charline,Mannix,cmannixeu@yellowpages.com,Female,131.233.135.96
536,Corry,Ciotto,cciottoev@illinois.edu,Male,209.13.29.37
537,Adriane,Siemons,asiemonsew@toplist.cz,Female,249.220.148.11
538,Alverta,Snepp,asneppex@networksolutions.com,Female,244.77.42.88
539,Carlyn,Muscott,cmuscottey@eventbrite.com,Male,77.143.255.171
540,Abigail,Gleeson,agleesonez@sfgate.com,Female,185.7.35.83
541,Kevon,Drissell,kdrissellf0@dropbox.com,Genderqueer,76.61.183.188
542,Leelah,Bullar,lbullarf1@nymag.com,Male,220.49.204.191
543,Peta,Dabels,pdabelsf2@sogou.com,Male,154.186.149.151
544,Coletta,Schwartz,cschwartzf3@infoseek.co.jp,Female,193.71.107.184
545,Phyllys,Sparrowe,psparrowef4@elpais.com,Female,59.218.44.116
546,Arlie,Brum,abrumf5@soundcloud.com,Female,244.184.17.111
547,Dianna,Santen,dsantenf6@tamu.edu,Female,168.215.150.152
548,Brit,Banes,bbanesf7@furl.net,Male,108.100.9.192
549,Hugibert,Lartice,hlarticef8@fda.gov,Female,150.215.33.136
550,Sherlock,Ventham,sventhamf9@hao123.com,Male,183.233.91.25
551,Rollo,Bolletti,rbollettifa@opera.com,Female,109.186.254.83
552,Rochella,De Vaux,rdevauxfb@unc.edu,Male,167.99.213.196
553,Antoine,Pawle,apawlefc@webs.com,Female,226.37.145.19
554,Keelia,Bengal,kbengalfd@uiuc.edu,Female,252.96.105.49
555,Claudina,Monday,cmondayfe@sfgate.com,Male,166.16.52.83
556,Eloisa,Nell,enellff@edublogs.org,Male,107.187.246.106
557,Pennie,Hiland,philandfg@washington.edu,Agender,69.175.15.150
558,Barnebas,D'Emanuele,bdemanuelefh@europa.eu,Female,234.28.243.89
559,Jodi,Croasdale,jcroasdalefi@harvard.edu,Male,253.47.84.21
560,Sophi,Bowell,sbowellfj@so-net.ne.jp,Female,116.113.251.72
561,Gaylord,Jamson,gjamsonfk@accuweather.com,Male,11.173.82.88
562,Cort,Pharro,cpharrofl@scientificamerican.com,Female,219.28.207.208
563,Skipton,Bute,sbutefm@oaic.gov.au,Female,152.3.233.154
564,Sascha,McIlory,smciloryfn@ning.com,Male,248.253.212.148
565,Rab,McGorman,rmcgormanfo@ucoz.com,Female,129.216.254.6
566,Loren,Josilevich,ljosilevichfp@cargocollective.com,Female,66.56.224.183
567,Bearnard,Roddy,broddyfq@businessweek.com,Male,106.61.103.135
568,Elly,Colthard,ecolthardfr@themeforest.net,Female,149.29.162.162
569,Moe,Ritch,mritchfs@cnn.com,Male,211.209.249.34
570,Christian,Peaurt,cpeaurtft@sitemeter.com,Male,23.40.15.41
571,Rosanna,Yitzhakov,ryitzhakovfu@pbs.org,Non-binary,187.252.184.99
572,Tierney,Quare,tquarefv@bloglines.com,Female,118.81.228.19
573,Shaine,Purle,spurlefw@google.de,Male,94.218.217.78
574,Jedidiah,Swaile,jswailefx@google.ru,Female,84.16.237.59
575,Letizia,Gerish,lgerishfy@baidu.com,Male,130.90.178.222
576,Suzann,Penwright,spenwrightfz@opensource.org,Male,108.64.120.12
577,Calypso,Gorman,cgormang0@sina.com.cn,Polygender,250.196.239.190
578,Kristi,Wattins,kwattinsg1@loc.gov,Male,167.99.3.196
579,Orsola,Mangam,omangamg2@bizjournals.com,Female,54.63.130.209
580,Bridget,Danielli,bdaniellig3@dyndns.org,Male,79.187.106.33
581,Tallou,Kilroy,tkilroyg4@jalbum.net,Male,243.87.234.91
582,Emelia,Saywood,esaywoodg5@twitpic.com,Male,96.171.141.62
583,Nancee,Girardy,ngirardyg6@shareasale.com,Female,244.147.8.23
584,Hobie,Glanister,hglanisterg7@usatoday.com,Female,6.164.119.234
585,Pablo,Yvon,pyvong8@sbwire.com,Female,21.60.187.103
586,Berry,Feeney,bfeeneyg9@cisco.com,Female,112.123.60.248
587,Moreen,Gatecliff,mgatecliffga@toplist.cz,Male,255.25.121.169
588,Gerik,Poff,gpoffgb@clickbank.net,Female,9.225.39.237
589,Miof mela,Richardon,mrichardongc@youtu.be,Female,79.129.193.181
590,Milty,O'Dogherty,modoghertygd@thetimes.co.uk,Female,25.5.214.206
591,Dareen,Josefsen,djosefsenge@google.com.hk,Male,175.106.126.200
592,Jorge,Cundy,jcundygf@reverbnation.com,Male,12.178.145.105
593,Susannah,Wolfe,swolfegg@rakuten.co.jp,Female,70.47.185.157
594,Jase,Harmson,jharmsongh@gov.uk,Non-binary,104.10.155.54
595,Trenton,Duham,tduhamgi@salon.com,Male,123.196.21.213
596,Innis,Luisetti,iluisettigj@gov.uk,Female,32.0.178.138
597,Nanine,Willgoss,nwillgossgk@fastcompany.com,Female,245.30.179.248
598,Lory,Claypoole,lclaypoolegl@4shared.com,Male,243.210.229.138
599,Jo,Ubanks,jubanksgm@foxnews.com,Female,0.149.43.96
600,Lola,Fosdyke,lfosdykegn@tmall.com,Male,137.233.153.180
601,Kerr,McCoy,kmccoygo@alexa.com,Male,197.158.144.222
602,Euell,Paolo,epaologp@4shared.com,Female,77.55.6.14
603,Giuditta,Hammerberg,ghammerberggq@histats.com,Female,61.142.74.107
604,Elenore,Rentelll,erentelllgr@toplist.cz,Female,255.97.5.174
605,Catriona,Clemmett,cclemmettgs@flavors.me,Female,2.37.17.113
606,Agnella,Midner,amidnergt@gmpg.org,Female,156.173.166.184
607,Aharon,Robbins,arobbinsgu@vk.com,Male,127.163.194.189
608,Allissa,Gasticke,agastickegv@parallels.com,Female,235.71.209.232
609,Billi,Bassilashvili,bbassilashviligw@epa.gov,Male,200.34.77.250
610,Jeanna,Straun,jstraungx@ovh.net,Non-binary,100.130.30.140
611,Nial,Mara,nmaragy@goo.gl,Male,26.133.36.161
612,Keenan,McClay,kmcclaygz@oakley.com,Female,186.90.72.117
613,Boyce,Gonnel,bgonnelh0@slideshare.net,Female,27.107.176.112
614,Kippie,Persehouse,kpersehouseh1@gov.uk,Male,108.17.204.108
615,Elbert,Jiruch,ejiruchh2@angelfire.com,Male,250.162.112.215
616,Jocelin,Galliford,jgallifordh3@artisteer.com,Female,99.72.42.160
617,Rhianon,Larne,rlarneh4@fastcompany.com,Female,250.8.199.125
618,Shanta,Barnicott,sbarnicotth5@guardian.co.uk,Female,36.28.95.72
619,Oswell,Chaudret,ochaudreth6@loc.gov,Female,54.145.153.181
620,Aurlie,Leverage,aleverageh7@tumblr.com,Male,133.77.132.97
621,Corinna,Cloonan,ccloonanh8@abc.net.au,Male,91.232.218.62
622,Adeline,Berns,abernsh9@cdc.gov,Male,66.206.245.76
623,Giovanni,Thonger,gthongerha@msu.edu,Female,42.182.5.245
624,Marilyn,Ayliff,mayliffhb@economist.com,Male,56.23.157.194
625,Puff,Rylett,pryletthc@va.gov,Female,143.91.111.208
626,Junina,Philcock,jphilcockhd@msn.com,Female,53.163.215.48
627,Tammie,Cullingford,tcullingfordhe@wired.com,Female,214.25.244.244
628,Yorke,Doerrling,ydoerrlinghf@slate.com,Female,27.213.73.160
629,Ethelin,Mirralls,emirrallshg@cam.ac.uk,Male,159.184.195.47
630,Yoshi,Tace,ytacehh@hugedomains.com,Male,107.161.114.159
631,Filmer,Eltone,feltonehi@wunderground.com,Male,84.12.225.46
632,Alanson,Ethridge,aethridgehj@ameblo.jp,Female,145.176.110.154
633,Rutledge,Alenichicov,ralenichicovhk@wikispaces.com,Genderfluid,181.164.1.37
634,Vernon,Meffen,vmeffenhl@yandex.ru,Male,135.47.45.22
635,Tallulah,Fevier,tfevierhm@indiegogo.com,Male,93.100.79.64
636,Albrecht,Bradley,abradleyhn@washington.edu,Female,104.242.151.128
637,Rolf,Durtnel,rdurtnelho@ftc.gov,Male,181.246.60.143
638,Amye,Brightwell,abrightwellhp@fema.gov,Male,118.57.187.103
639,Ambros,Glendenning,aglendenninghq@seesaa.net,Female,20.165.39.208
640,Forrest,Herrieven,fherrievenhr@hao123.com,Female,58.244.66.226
641,Coop,Yegorkov,cyegorkovhs@hibu.com,Male,60.61.166.65
642,Bondon,Perroni,bperroniht@cpanel.net,Female,252.40.70.150
643,Tyler,Haggar,thaggarhu@ted.com,Female,48.3.190.230
644,Carma,Giacomini,cgiacominihv@google.nl,Male,164.156.60.111
645,Lorine,Busher,lbusherhw@squarespace.com,Female,232.213.127.224
646,Avie,Rubenczyk,arubenczykhx@xinhuanet.com,Male,131.56.169.98
647,Ring,Southworth,rsouthworthhy@wikimedia.org,Male,75.134.222.176
648,Jobie,Donkersley,jdonkersleyhz@usnews.com,Male,70.85.102.76
649,Dorita,D'Oyly,ddoylyi0@go.com,Female,48.137.94.107
650,Josi,Shaul,jshauli1@hhs.gov,Male,60.154.49.21
651,Bartolomeo,Ponton,bpontoni2@netscape.com,Female,159.182.55.137
652,Sauncho,Irvine,sirvinei3@trellian.com,Female,238.199.164.255
653,Torre,Lindsley,tlindsleyi4@chicagotribune.com,Female,210.206.13.101
654,Clareta,Lockley,clockleyi5@thetimes.co.uk,Female,82.121.215.39
655,Shaylyn,Fridaye,sfridayei6@fastcompany.com,Male,240.243.192.131
656,Lock,McBeath,lmcbeathi7@hp.com,Male,27.65.110.246
657,Breanne,Fairfull,bfairfulli8@unicef.org,Male,222.44.175.142
658,Tonya,Densie,tdensiei9@canalblog.com,Male,38.36.109.28
659,Faun,Ramelot,framelotia@mozilla.org,Female,231.179.152.90
660,Alonzo,Thomsson,athomssonib@jimdo.com,Female,21.82.249.20
661,Osmond,Chettoe,ochettoeic@apple.com,Male,107.141.216.37
662,Eilis,Persence,epersenceid@si.edu,Male,40.7.40.147
663,Viva,Kauschke,vkauschkeie@wunderground.com,Male,238.193.181.140
664,Fanechka,Brehault,fbrehaultif@abc.net.au,Female,224.180.157.143
665,Rufe,Flarity,rflarityig@usa.gov,Male,225.118.79.179
666,Sherlocke,Grabbam,sgrabbamih@icq.com,Genderqueer,54.179.66.45
667,Abagael,Drohan,adrohanii@free.fr,Male,88.159.98.73
668,Nonah,Wudeland,nwudelandij@kickstarter.com,Male,77.106.68.224
669,Benny,Iacopetti,biacopettiik@thetimes.co.uk,Male,68.151.92.71
670,Adolf,Mayou,amayouil@weather.com,Male,53.173.146.150
671,Abdel,Wegman,awegmanim@weather.com,Female,27.53.149.232
672,Kattie,Torrejon,ktorrejonin@jigsy.com,Genderfluid,172.144.60.180
673,Shurlock,Shakesby,sshakesbyio@gravatar.com,Male,107.137.196.104
674,Opaline,Arnout,oarnoutip@newsvine.com,Male,100.110.147.54
675,Herculie,Flintoff,hflintoffiq@state.gov,Female,175.173.255.196
676,Ambrosius,Stearn,astearnir@sohu.com,Female,117.241.91.207
677,Arlin,Stening,asteningis@va.gov,Female,129.47.198.251
678,Iseabal,Delea,ideleait@unc.edu,Female,235.231.101.70
679,Helga,Weatherup,hweatherupiu@surveymonkey.com,Female,152.3.108.39
680,Teri,Rauprich,trauprichiv@miitbeian.gov.cn,Male,215.100.163.77
681,Maxim,Harmston,mharmstoniw@fotki.com,Male,112.0.127.51
682,Morty,Merrikin,mmerrikinix@mediafire.com,Genderfluid,114.27.158.55
683,Lydie,Hinz,lhinziy@jalbum.net,Female,213.208.129.113
684,Deana,Ander,danderiz@storify.com,Agender,62.193.251.143
685,Clarine,Ridges,cridgesj0@tripod.com,Female,71.204.78.32
686,Egon,Jeeks,ejeeksj1@gizmodo.com,Male,215.8.181.182
687,Kimbra,Hadaway,khadawayj2@reverbnation.com,Genderfluid,83.42.174.130
688,Joshua,Persse,jperssej3@reddit.com,Male,3.201.148.237
689,Ada,Mantram,amantramj4@arstechnica.com,Female,196.122.34.221
690,Drusie,Roden,drodenj5@so-net.ne.jp,Male,175.97.226.187
691,Eduino,Brezlaw,ebrezlawj6@wikispaces.com,Male,222.232.212.46
692,Shoshanna,MacPharlain,smacpharlainj7@census.gov,Genderfluid,67.209.30.38
693,Cheston,Faircloth,cfairclothj8@hexun.com,Female,238.187.162.38
694,Zenia,Vanelli,zvanellij9@oakley.com,Male,7.230.56.205
695,Odella,Beamson,obeamsonja@prweb.com,Male,137.128.44.205
696,Flin,La Batie,flabatiejb@squarespace.com,Female,222.22.123.17
697,Ulises,Strut,ustrutjc@lulu.com,Male,109.134.0.45
698,Noami,De Malchar,ndemalcharjd@sohu.com,Male,231.8.83.66
699,Cammie,Norvill,cnorvillje@disqus.com,Male,135.19.84.88
700,Christan,Dixsee,cdixseejf@weebly.com,Male,121.133.176.203
701,Jerry,Norker,jnorkerjg@woothemes.com,Male,93.47.177.129
702,Kirstyn,Olivie,koliviejh@smh.com.au,Male,128.38.180.39
703,Winona,Bassindale,wbassindaleji@artisteer.com,Male,66.166.92.243
704,Sylas,Foot,sfootjj@t.co,Male,178.90.48.131
705,Celeste,Kalkofen,ckalkofenjk@livejournal.com,Female,131.62.122.88
706,Shina,Minty,smintyjl@stanford.edu,Female,113.33.241.231
707,Tabitha,Kynston,tkynstonjm@spiegel.de,Female,175.61.47.146
708,Candra,Sigg,csiggjn@npr.org,Male,147.253.223.129
709,Marybeth,Coupe,mcoupejo@usatoday.com,Genderfluid,215.34.131.179
710,Darius,Synke,dsynkejp@jiathis.com,Genderfluid,16.176.189.51
711,Mahala,Daniellot,mdaniellotjq@flickr.com,Female,74.74.229.129
712,Flin,Siuda,fsiudajr@lycos.com,Male,126.36.37.17
713,Martainn,Marre,mmarrejs@twitpic.com,Male,66.0.240.0
714,Claudio,Croucher,ccroucherjt@goodreads.com,Female,166.100.33.200
715,Colette,Christophersen,cchristophersenju@topsy.com,Male,106.14.108.97
716,Eugen,Bower,ebowerjv@biglobe.ne.jp,Male,233.8.87.1
717,Arri,Seear,aseearjw@hostgator.com,Male,225.24.86.47
718,Constantino,Bottrell,cbottrelljx@flickr.com,Female,100.161.81.96
719,Georgeanna,Bursnoll,gbursnolljy@ovh.net,Female,204.136.92.249
720,Massimo,Gavrielly,mgavriellyjz@tripadvisor.com,Female,19.26.248.11
721,Guillermo,Handrik,ghandrikk0@nhs.uk,Female,35.19.247.151
722,Carree,Hallor,challork1@pen.io,Female,173.136.12.131
723,Tildie,Celier,tcelierk2@cloudflare.com,Female,129.44.128.114
724,Bailey,Dowglass,bdowglassk3@uiuc.edu,Male,229.227.13.38
725,Ario,Dixon,adixonk4@over-blog.com,Female,35.54.177.166
726,Stephine,De Maria,sdemariak5@bloglovin.com,Male,246.8.235.192
727,Sigfried,Matyushonok,smatyushonokk6@princeton.edu,Female,158.7.72.101
728,Wendy,Steggals,wsteggalsk7@loc.gov,Female,210.131.248.152
729,Gavan,Rehm,grehmk8@wp.com,Male,212.48.91.4
730,Angele,Neissen,aneissenk9@cbslocal.com,Female,31.72.96.242
731,Marcello,Bellow,mbellowka@pcworld.com,Female,78.65.214.187
732,Midge,Greated,mgreatedkb@wired.com,Male,185.19.137.40
733,Gustav,Found,gfoundkc@stumbleupon.com,Female,156.188.246.119
734,Lanita,Steabler,lsteablerkd@liveinternet.ru,Female,40.45.174.42
735,Nicky,Langstaff,nlangstaffke@pen.io,Male,128.24.73.25
736,Ephrem,Plott,eplottkf@skyrock.com,Female,48.233.193.122
737,Pris,Magrannell,pmagrannellkg@liveinternet.ru,Male,57.229.87.113
738,Devi,Elener,delenerkh@alibaba.com,Male,26.193.177.113
739,Laurence,Stace,lstaceki@histats.com,Female,24.152.167.137
740,Corney,Issacoff,cissacoffkj@pbs.org,Male,59.24.84.186
741,Corny,Merrilees,cmerrileeskk@pbs.org,Male,179.8.7.66
742,Ryon,Riglar,rriglarkl@gnu.org,Female,11.213.35.154
743,Gabey,Biles,gbileskm@google.it,Male,194.103.101.165
744,Nichole,Layus,nlayuskn@dot.gov,Female,239.115.214.27
745,Darby,Stormes,dstormesko@cbslocal.com,Male,195.85.255.133
746,Lonny,Whittington,lwhittingtonkp@mysql.com,Male,141.171.252.64
747,Vassily,Allnatt,vallnattkq@google.es,Female,228.42.254.240
748,Lilia,Orrah,lorrahkr@webmd.com,Male,73.202.0.180
749,Joyous,Bootherstone,jbootherstoneks@studiopress.com,Male,87.25.34.136
750,Marcie,Hing,mhingkt@technorati.com,Female,9.255.40.195
751,Ichabod,Vahey,ivaheyku@nba.com,Male,44.38.150.165
752,Vittoria,Sansun,vsansunkv@ftc.gov,Male,179.38.93.163
753,Barnard,Wilcher,bwilcherkw@gizmodo.com,Male,255.227.62.207
754,Crissy,Sambiedge,csambiedgekx@plala.or.jp,Female,92.191.6.116
755,Fey,Dupoy,fdupoyky@berkeley.edu,Female,28.0.47.174
756,Sofia,Cooke,scookekz@etsy.com,Male,146.84.79.224
757,Pattie,Gauvain,pgauvainl0@reference.com,Female,184.41.113.211
758,Brenden,Mattingly,bmattinglyl1@gravatar.com,Male,200.228.70.88
759,Alissa,Onians,aoniansl2@microsoft.com,Male,238.207.68.85
760,Gabriel,Hicklingbottom,ghicklingbottoml3@toplist.cz,Male,148.180.39.253
761,Baudoin,Sarjent,bsarjentl4@geocities.com,Female,249.188.166.102
762,Julina,Seabon,jseabonl5@wordpress.com,Female,125.238.226.130
763,Ronna,Kaser,rkaserl6@t-online.de,Genderfluid,143.229.223.144
764,Kermie,Pally,kpallyl7@dyndns.org,Genderqueer,132.18.63.43
765,Stafford,Wayte,swaytel8@ed.gov,Male,101.153.45.170
766,Norton,Niche,nnichel9@umich.edu,Female,168.253.75.136
767,Rowland,Bussy,rbussyla@hatena.ne.jp,Male,30.247.118.90
768,Wynny,Oseland,woselandlb@cdbaby.com,Male,191.213.221.239
769,Evangelia,Coldicott,ecoldicottlc@ox.ac.uk,Male,139.58.142.185
770,Conchita,Fairbridge,cfairbridgeld@nydailynews.com,Male,92.232.75.249
771,Teodora,Ireland,tirelandle@dell.com,Male,204.208.122.38
772,Blaire,Manoelli,bmanoellilf@stanford.edu,Agender,66.76.204.26
773,Sisile,Huchot,shuchotlg@vk.com,Male,90.222.151.200
774,Oralla,Trobe,otrobelh@indiatimes.com,Non-binary,101.237.117.45
775,Eve,Riggeard,eriggeardli@phpbb.com,Female,95.132.36.176
776,Claudio,Graal,cgraallj@cbc.ca,Female,109.185.201.127
777,Davis,Mauser,dmauserlk@devhub.com,Female,233.13.253.3
778,Marja,Vittori,mvittorill@bizjournals.com,Female,64.171.101.94
779,Jemmie,Bridgewater,jbridgewaterlm@pinterest.com,Male,36.27.4.165
780,Natividad,Peggram,npeggramln@edublogs.org,Female,216.213.228.167
781,Annemarie,Cahill,acahilllo@google.pl,Male,196.150.142.153
782,Rosabella,Torricina,rtorricinalp@cargocollective.com,Male,117.64.14.93
783,Zaneta,McLagan,zmclaganlq@sogou.com,Female,226.141.191.161
784,Melosa,Vallentin,mvallentinlr@netlog.com,Female,65.140.97.23
785,Hasheem,Jouaneton,hjouanetonls@behance.net,Female,227.6.101.84
786,Deidre,Clears,dclearslt@yelp.com,Female,173.212.251.171
787,Scot,Kydd,skyddlu@usgs.gov,Male,175.28.66.33
788,Emile,Romushkin,eromushkinlv@plala.or.jp,Male,228.65.83.236
789,Goldina,Eefting,geeftinglw@wikispaces.com,Female,107.181.212.202
790,Fanny,Morales,fmoraleslx@ehow.com,Male,57.215.187.116
791,Audrie,Hatry,ahatryly@uiuc.edu,Female,237.183.79.100
792,Corine,Witten,cwittenlz@blogs.com,Male,128.217.45.226
793,Fidelia,Bernini,fberninim0@uol.com.br,Female,224.119.4.156
794,Tani,Brunnen,tbrunnenm1@blogger.com,Male,241.140.66.207
795,Bord,Hyndson,bhyndsonm2@nps.gov,Female,7.26.41.149
796,Valdemar,Handrahan,vhandrahanm3@army.mil,Male,3.186.123.65
797,Essie,Pluck,epluckm4@canalblog.com,Non-binary,238.16.144.122
798,Alfred,Cohane,acohanem5@wikispaces.com,Female,169.146.100.152
799,Yelena,Yarnell,yyarnellm6@usatoday.com,Male,165.104.173.128
800,Amandie,Brenneke,abrennekem7@npr.org,Male,65.216.179.184
801,Bert,McNair,bmcnairm8@devhub.com,Non-binary,96.233.85.204
802,Eleni,Bateman,ebatemanm9@jalbum.net,Female,244.247.234.131
803,Janeczka,Osanne,josannema@cbc.ca,Male,42.44.69.108
804,Carma,Twitchett,ctwitchettmb@themeforest.net,Female,12.115.118.114
805,Vladamir,Thornhill,vthornhillmc@reuters.com,Female,61.32.49.64
806,Vivian,Hafford,vhaffordmd@shutterfly.com,Male,243.170.176.30
807,Elaine,Loreit,eloreitme@unicef.org,Male,134.223.56.19
808,Arther,O'Glassane,aoglassanemf@narod.ru,Female,175.129.61.124
809,Karalynn,Birkett,kbirkettmg@wikia.com,Female,211.212.75.53
810,Josie,Ledgerton,jledgertonmh@zimbio.com,Male,127.131.72.36
811,Levi,Pounder,lpoundermi@shutterfly.com,Female,90.115.249.147
812,Carver,Chittim,cchittimmj@salon.com,Female,102.134.101.248
813,Monte,Dobbinson,mdobbinsonmk@canalblog.com,Female,35.183.88.7
814,Sean,Olyunin,solyuninml@lulu.com,Male,48.43.199.79
815,Rodney,Gravell,rgravellmm@printfriendly.com,Male,234.102.252.186
816,Dan,Schapiro,dschapiromn@prlog.org,Genderqueer,240.83.27.1
817,Philip,Sulter,psultermo@flickr.com,Male,224.195.48.66
818,Alana,Bricket,abricketmp@webeden.co.uk,Male,151.54.164.176
819,Darin,Kleen,dkleenmq@examiner.com,Female,249.117.70.183
820,Alexandro,Lynett,alynettmr@purevolume.com,Female,207.182.40.5
821,Homer,Gregolin,hgregolinms@kickstarter.com,Female,142.138.217.53
822,Kippar,Creedland,kcreedlandmt@utexas.edu,Male,34.199.5.225
823,Tymon,Scott,tscottmu@tinypic.com,Female,144.104.34.101
824,Sadye,Dunstone,sdunstonemv@domainmarket.com,Female,46.242.144.200
825,Xena,Danilovich,xdanilovichmw@skype.com,Male,97.120.5.91
826,Dale,Bambury,dbamburymx@digg.com,Female,20.150.116.232
827,Anet,Josefsen,ajosefsenmy@aol.com,Polygender,125.218.184.250
828,Rosaleen,Zimmermanns,rzimmermannsmz@forbes.com,Female,223.125.71.175
829,Kikelia,Carhart,kcarhartn0@1688.com,Female,87.80.172.107
830,Yule,Honacker,yhonackern1@purevolume.com,Male,232.115.224.203
831,Kirsten,Seabrook,kseabrookn2@woothemes.com,Female,187.123.191.246
832,Edwin,McVee,emcveen3@vkontakte.ru,Male,232.188.202.175
833,Ibby,Jarry,ijarryn4@sfgate.com,Male,15.245.229.49
834,Pamela,Fleeman,pfleemann5@cyberchimps.com,Male,38.177.67.52
835,Alexio,Drewery,adreweryn6@smh.com.au,Male,125.121.186.251
836,Boonie,Bence,bbencen7@goodreads.com,Female,230.108.166.39
837,Lori,Ughini,lughinin8@skype.com,Male,114.111.223.85
838,Kara-lynn,Blayney,kblayneyn9@ca.gov,Genderfluid,124.113.125.134
839,Frasier,Whitfield,fwhitfieldna@fda.gov,Female,195.188.251.108
840,Jorgan,Livett,jlivettnb@psu.edu,Male,236.111.77.142
841,Esdras,Pieracci,epieraccinc@weibo.com,Non-binary,239.113.134.190
842,Merry,Cargill,mcargillnd@engadget.com,Female,130.209.255.72
843,Mirella,Dreakin,mdreakinne@sourceforge.net,Female,234.251.38.46
844,Godard,Panswick,gpanswicknf@smh.com.au,Male,175.50.54.0
845,Ingelbert,Carbert,icarbertng@unblog.fr,Genderfluid,119.231.64.138
846,Nannette,Kilvington,nkilvingtonnh@umich.edu,Female,181.79.71.199
847,Cash,Haythorn,chaythornni@posterous.com,Female,223.62.231.255
848,Lindsey,Gehrts,lgehrtsnj@ft.com,Male,196.153.4.124
849,Kalila,McKenney,kmckenneynk@jugem.jp,Male,117.228.124.53
850,Wainwright,Trail,wtrailnl@princeton.edu,Female,226.189.18.20
851,Elvyn,Seago,eseagonm@examiner.com,Female,206.233.103.169
852,Latashia,Rembaud,lrembaudnn@skyrock.com,Male,7.168.161.121
853,Arthur,Stares,astaresno@istockphoto.com,Male,197.31.225.171
854,Shelley,Dunsford,sdunsfordnp@last.fm,Non-binary,188.224.8.111
855,Sansone,Brandreth,sbrandrethnq@opensource.org,Male,98.130.5.48
856,Clemmy,Dancer,cdancernr@businessweek.com,Male,150.145.152.125
857,Davine,Ivic,divicns@netvibes.com,Male,38.110.178.160
858,Rania,Pioch,rpiochnt@techcrunch.com,Male,184.42.159.199
859,Katerina,Pettiford,kpettifordnu@bing.com,Polygender,154.112.98.219
860,Phaedra,Dombrell,pdombrellnv@zimbio.com,Bigender,68.111.242.180
861,Dasha,Sadd,dsaddnw@arizona.edu,Female,0.147.162.205
862,Magdaia,Pardey,mpardeynx@cbc.ca,Male,208.185.219.177
863,Tamra,Ruperti,trupertiny@gmpg.org,Female,146.42.112.136
864,Moritz,Swynley,mswynleynz@vkontakte.ru,Female,87.20.111.173
865,Onofredo,Alton,oaltono0@hao123.com,Bigender,185.255.23.149
866,Adelheid,Forcer,aforcero1@google.ru,Female,3.209.150.143
867,Dov,Cale,dcaleo2@europa.eu,Male,34.183.222.159
868,Evania,Duffitt,eduffitto3@hp.com,Male,236.245.17.22
869,Rasia,McSaul,rmcsaulo4@gmpg.org,Male,136.28.194.137
870,Lanae,Bosche,lboscheo5@yahoo.co.jp,Female,7.146.196.30
871,Oriana,Darker,odarkero6@vinaora.com,Male,153.30.44.129
872,Alf,Ashenhurst,aashenhursto7@ibm.com,Male,49.31.236.44
873,Floris,Derington,fderingtono8@topsy.com,Female,176.44.74.114
874,North,Grabb,ngrabbo9@goo.gl,Female,22.64.30.240
875,Beatriz,Canape,bcanapeoa@nature.com,Female,223.186.214.106
876,Robb,Klulik,rklulikob@techcrunch.com,Female,224.237.20.165
877,Cliff,Vicar,cvicaroc@amazon.com,Female,57.9.56.15
878,Jessica,Lindenbluth,jlindenbluthod@miibeian.gov.cn,Genderqueer,123.12.138.250
879,Cthrine,Anfonsi,canfonsioe@friendfeed.com,Female,85.98.18.144
880,Avram,Smail,asmailof@wikispaces.com,Female,72.17.235.22
881,Carny,Hilbourne,chilbourneog@1und1.de,Male,59.246.39.159
882,Ailene,Uccello,auccellooh@taobao.com,Genderfluid,167.221.151.8
883,Shayne,Tobin,stobinoi@soup.io,Bigender,94.162.217.198
884,Ann-marie,Adcocks,aadcocksoj@google.com.au,Female,137.209.120.248
885,Hilliard,Tatton,htattonok@apple.com,Male,1.196.82.69
886,Donetta,Tidbury,dtidburyol@omniture.com,Female,74.108.233.137
887,Wallie,Brewer,wbrewerom@reddit.com,Female,106.177.69.110
888,Gregorio,Cockle,gcockleon@youtu.be,Male,148.90.132.57
889,Morse,Gammett,mgammettoo@unesco.org,Female,55.237.148.1
890,Lari,Claridge,lclaridgeop@constantcontact.com,Male,212.71.246.111
891,Alexina,Klaff,aklaffoq@bloglines.com,Female,250.160.37.91
892,Wandie,Elcocks,welcocksor@phpbb.com,Female,198.231.251.130
893,Cleveland,Thurber,cthurberos@oakley.com,Male,121.127.199.200
894,Hanson,Steuart,hsteuartot@wisc.edu,Male,195.161.52.118
895,Hinda,Shawel,hshawelou@tiny.cc,Female,66.122.160.77
896,Tobin,Carpe,tcarpeov@devhub.com,Female,66.131.32.184
897,Ninnetta,Stenson,nstensonow@kickstarter.com,Genderfluid,231.132.121.54
898,Kelbee,Balling,kballingox@mtv.com,Male,93.62.26.136
899,Harv,Crips,hcripsoy@loc.gov,Male,54.220.47.57
900,Donetta,Rozet,drozetoz@mail.ru,Polygender,104.218.38.173
901,Dagmar,Work,dworkp0@bbb.org,Male,32.72.180.32
902,Mahmoud,Worpole,mworpolep1@free.fr,Female,194.103.45.148
903,Duff,Cuthbert,dcuthbertp2@i2i.jp,Female,114.43.82.70
904,Yuri,Brevetor,ybrevetorp3@economist.com,Male,243.226.121.224
905,Stillmann,Marshfield,smarshfieldp4@phpbb.com,Female,71.38.117.123
906,Annabela,Lovatt,alovattp5@japanpost.jp,Female,72.178.193.80
907,Batholomew,Cescot,bcescotp6@walmart.com,Bigender,125.56.185.6
908,Oralee,Farland,ofarlandp7@sogou.com,Female,153.237.88.35
909,Fredrika,Cabbell,fcabbellp8@google.ru,Female,149.223.53.61
910,Brittany,Giffin,bgiffinp9@ucsd.edu,Male,4.105.103.212
911,Consuela,Coarser,ccoarserpa@printfriendly.com,Female,6.221.243.239
912,Ravid,Castagne,rcastagnepb@hao123.com,Male,61.192.247.62
913,Wanids,Dolley,wdolleypc@1und1.de,Female,240.244.18.74
914,Tomkin,Pigeon,tpigeonpd@usatoday.com,Female,158.90.14.77
915,Nissa,Bocking,nbockingpe@time.com,Male,41.108.146.32
916,Otho,Decaze,odecazepf@cocolog-nifty.com,Female,73.72.39.254
917,Bobbie,Tedman,btedmanpg@ycombinator.com,Female,119.99.251.69
918,Verina,Blesli,vblesliph@com.com,Female,87.11.235.171
919,Lucine,Sacco,lsaccopi@comsenz.com,Male,199.102.57.114
920,Doti,Bartalot,dbartalotpj@infoseek.co.jp,Female,65.151.189.61
921,Corette,De Fries,cdefriespk@hhs.gov,Male,209.198.84.194
922,Dolph,Casino,dcasinopl@businessinsider.com,Male,250.102.18.36
923,Abba,Murrison,amurrisonpm@ihg.com,Male,250.245.117.81
924,Raynard,Biffin,rbiffinpn@blog.com,Male,199.114.79.34
925,Roscoe,Jupp,rjupppo@oracle.com,Female,246.250.68.35
926,Cassandry,Caser,ccaserpp@google.it,Male,183.35.33.203
927,Aurelia,Pizey,apizeypq@timesonline.co.uk,Female,50.222.231.239
928,Ilka,Helwig,ihelwigpr@friendfeed.com,Female,0.165.44.165
929,Rickie,Pike,rpikeps@imageshack.us,Male,19.244.141.37
930,Keely,McLenaghan,kmclenaghanpt@seattletimes.com,Female,12.80.192.176
931,Zane,Vequaud,zvequaudpu@bravesites.com,Female,94.251.153.181
932,Traci,Philbrick,tphilbrickpv@wordpress.org,Female,155.241.110.22
933,Vito,Mateescu,vmateescupw@oracle.com,Female,124.176.23.31
934,Harvey,Yurkin,hyurkinpx@newyorker.com,Female,220.219.218.191
935,Ashlen,Longbone,alongbonepy@sphinn.com,Female,7.25.173.195
936,Robby,Conor,rconorpz@jiathis.com,Female,201.196.53.89
937,Parker,Nijs,pnijsq0@zimbio.com,Female,74.178.158.134
938,Thom,Brooksbank,tbrooksbankq1@stumbleupon.com,Female,200.143.186.7
939,Torrin,Brennenstuhl,tbrennenstuhlq2@mayoclinic.com,Female,35.226.27.203
940,Alyda,Bevir,abevirq3@toplist.cz,Genderqueer,189.146.222.45
941,Winnie,Davidesco,wdavidescoq4@webnode.com,Female,79.75.182.45
942,Mariquilla,Benneton,mbennetonq5@slideshare.net,Bigender,237.223.38.15
943,Ivar,Harragin,iharraginq6@msu.edu,Male,14.47.10.245
944,Rochette,Croll,rcrollq7@dagondesign.com,Male,160.104.110.241
945,Cheri,Snozzwell,csnozzwellq8@hao123.com,Male,214.211.99.168
946,Kendall,Shearman,kshearmanq9@gov.uk,Male,0.49.1.209
947,Lianna,Duck,lduckqa@yelp.com,Male,126.183.70.2
948,Babs,Handrahan,bhandrahanqb@flickr.com,Female,46.122.30.227
949,Leontine,Endle,lendleqc@nydailynews.com,Male,95.88.155.241
950,Roanna,Ludvigsen,rludvigsenqd@acquirethisname.com,Female,181.39.123.15
951,Dorella,Staden,dstadenqe@netvibes.com,Male,196.96.79.25
952,Phip,Absolon,pabsolonqf@newsvine.com,Male,133.243.19.65
953,Latisha,Prinne,lprinneqg@blogspot.com,Male,35.105.23.95
954,Kip,Probbing,kprobbingqh@blinklist.com,Female,20.127.141.213
955,Maryrose,Juster,mjusterqi@example.com,Female,193.237.182.226
956,Blaire,Margetts,bmargettsqj@opensource.org,Female,78.218.159.15
957,Jessica,Dever,jdeverqk@ycombinator.com,Female,215.243.50.246
958,Kassi,Crich,kcrichql@theguardian.com,Female,89.52.143.188
959,Bel,Grise,bgriseqm@mozilla.com,Female,106.240.30.107
960,Herculie,Stucke,hstuckeqn@pagesperso-orange.fr,Female,195.227.39.214
961,Gussi,Clarkin,gclarkinqo@nature.com,Genderqueer,14.253.68.24
962,Sarge,Chalkly,schalklyqp@webnode.com,Female,50.165.250.16
963,Martynne,Robbe,mrobbeqq@infoseek.co.jp,Female,163.43.22.85
964,Earlie,Hirche,ehircheqr@chron.com,Female,229.99.94.130
965,Ethan,De Gouy,edegouyqs@com.com,Female,238.234.18.195
966,Gerry,Shaplin,gshaplinqt@bravesites.com,Female,118.243.117.184
967,Javier,MacCrachen,jmaccrachenqu@nyu.edu,Female,25.23.102.244
968,Zolly,Brager,zbragerqv@home.pl,Male,111.207.235.128
969,Noami,Jewes,njewesqw@ucoz.com,Female,207.134.40.195
970,Arlene,Adamovich,aadamovichqx@twitter.com,Male,135.95.111.211
971,Eryn,Stainton - Skinn,estaintonskinnqy@canalblog.com,Male,53.162.26.39
972,Lola,Spreadbury,lspreadburyqz@pagesperso-orange.fr,Female,217.215.170.184
973,Breena,Itzakovitz,bitzakovitzr0@lulu.com,Female,67.98.91.70
974,Frederigo,Waind,fwaindr1@usgs.gov,Male,189.111.126.156
975,Charlot,McElrea,cmcelrear2@themeforest.net,Female,12.3.112.91
976,Sybyl,Worms,swormsr3@cbsnews.com,Female,120.159.183.240
977,Alverta,Akroyd,aakroydr4@macromedia.com,Female,152.188.209.9
978,Granny,Lauridsen,glauridsenr5@seesaa.net,Female,121.70.215.130
979,Reina,Onions,ronionsr6@altervista.org,Male,59.92.78.226
980,Rodolphe,Jennery,rjenneryr7@i2i.jp,Polygender,231.91.164.108
981,Garner,Bierman,gbiermanr8@blogger.com,Male,18.54.161.48
982,Carita,Cancott,ccancottr9@earthlink.net,Male,237.206.4.115
983,Gregg,Waldie,gwaldiera@about.com,Female,126.32.176.184
984,Dawn,Grewcock,dgrewcockrb@disqus.com,Genderqueer,214.78.14.108
985,Johanna,Brien,jbrienrc@buzzfeed.com,Female,235.84.231.26
986,Mildred,Borrie,mborrierd@1und1.de,Female,143.243.226.109
987,Herta,Ferraresi,hferraresire@paypal.com,Female,8.62.25.110
988,Melamie,Krystof,mkrystofrf@ox.ac.uk,Female,45.8.195.176
989,Abelard,Blythin,ablythinrg@cafepress.com,Male,213.147.54.244
990,Donovan,Gwillyam,dgwillyamrh@oaic.gov.au,Female,159.135.34.79
991,Leigh,Jimpson,ljimpsonri@patch.com,Female,1.157.135.96
992,Dorine,Hacun,dhacunrj@usatoday.com,Female,54.114.145.120
993,Fredra,Grattan,fgrattanrk@china.com.cn,Genderqueer,210.67.233.25
994,Jackqueline,Deftie,jdeftierl@naver.com,Male,70.0.244.143
995,Willey,Verring,wverringrm@diigo.com,Male,116.233.247.41
996,Dasha,Campsall,dcampsallrn@dyndns.org,Female,174.64.238.149
997,Jorie,Dowdall,jdowdallro@time.com,Female,24.38.152.138
998,Clare,Mettrick,cmettrickrp@lycos.com,Male,90.105.23.33
999,Cornie,Del Checolo,cdelchecolorq@wikispaces.com,Female,190.120.218.103
1000,Henka,Plascott,hplascottrr@t.co,Female,112.90.155.186
